Method,Num Images,Workers,Execution Time (s)
Parallel,500,1,6.138955593109131
Parallel,500,2,3.247877836227417
Parallel,500,4,2.0969982147216797
Parallel,500,8,1.4580116271972656
Sequential,500,,5.895167589187622
Parallel,1000,1,12.35646367073059
Parallel,1000,2,6.581241607666016
Parallel,1000,4,3.9049813747406006
Parallel,1000,8,2.755103588104248
Sequential,1000,,12.899823427200317
